Workbook

Sheet Sheet1
C2: Monday | D2: Tuesday | E2: Wednesday | F2: Thursday | G2: Friday | H2: Saturday | I2: Sunday
B3: =CONCATENATE(TEXT(FLOOR(Sheet2!$B3, 1), "00"), ":", TEXT(MOD(Sheet2!$B3, 1) * 60, "00"), " — ", TEXT(FLOOR(Sheet2!$B4, 1), "00"), ":", TEXT(MOD(Sheet2!$B4, 1) * 60, "00")) -> 07:00 — 07:30
B4: =CONCATENATE(TEXT(FLOOR(Sheet2!$B4, 1), "00"), ":", TEXT(MOD(Sheet2!$B4, 1) * 60, "00"), " — ", TEXT(FLOOR(Sheet2!$B5, 1), "00"), ":", TEXT(MOD(Sheet2!$B5, 1) * 60, "00")) -> 07:30 — 08:00 | H4: CHEM181 (P01) ALLIED241
B5: =CONCATENATE(TEXT(FLOOR(Sheet2!$B5, 1), "00"), ":", TEXT(MOD(Sheet2!$B5, 1) * 60, "00"), " — ", TEXT(FLOOR(Sheet2!$B6, 1), "00"), ":", TEXT(MOD(Sheet2!$B6, 1) * 60, "00")) -> 08:00 — 08:30
B6: =CONCATENATE(TEXT(FLOOR(Sheet2!$B6, 1), "00"), ":", TEXT(MOD(Sheet2!$B6, 1) * 60, "00"), " — ", TEXT(FLOOR(Sheet2!$B7, 1), "00"), ":", TEXT(MOD(Sheet2!$B7, 1) * 60, "00")) -> 08:30 — 09:00 | C6: PSYCH031 (M3) ASYNC
B7: =CONCATENATE(TEXT(FLOOR(Sheet2!$B7, 1), "00"), ":", TEXT(MOD(Sheet2!$B7, 1) * 60, "00"), " — ", TEXT(FLOOR(Sheet2!$B8, 1), "00"), ":", TEXT(MOD(Sheet2!$B8, 1) * 60, "00")) -> 09:00 — 09:30 | F7: PSYCH031 (M3) RTL328
B8: =CONCATENATE(TEXT(FLOOR(Sheet2!$B8, 1), "00"), ":", TEXT(MOD(Sheet2!$B8, 1) * 60, "00"), " — ", TEXT(FLOOR(Sheet2!$B9, 1), "00"), ":", TEXT(MOD(Sheet2!$B9, 1) * 60, "00")) -> 09:30 — 10:00
B9: =CONCATENATE(TEXT(FLOOR(Sheet2!$B9, 1), "00"), ":", TEXT(MOD(Sheet2!$B9, 1) * 60, "00"), " — ", TEXT(FLOOR(Sheet2!$B10, 1), "00"), ":", TEXT(MOD(Sheet2!$B10, 1) * 60, "00")) -> 10:00 — 10:30 | D9: STS031 (G6) ASYNC | G9: STS031 (G6) RTL427
B10: =CONCATENATE(TEXT(FLOOR(Sheet2!$B10, 1), "00"), ":", TEXT(MOD(Sheet2!$B10, 1) * 60, "00"), " — ", TEXT(FLOOR(Sheet2!$B11, 1), "00"), ":", TEXT(MOD(Sheet2!$B11, 1) * 60, "00")) -> 10:30 — 11:00 | C10: CPE162 (H3) GLE603
B11: =CONCATENATE(TEXT(FLOOR(Sheet2!$B11, 1), "00"), ":", TEXT(MOD(Sheet2!$B11, 1) * 60, "00"), " — ", TEXT(FLOOR(Sheet2!$B12, 1), "00"), ":", TEXT(MOD(Sheet2!$B12, 1) * 60, "00")) -> 11:00 — 11:30
B12: =CONCATENATE(TEXT(FLOOR(Sheet2!$B12, 1), "00"), ":", TEXT(MOD(Sheet2!$B12, 1) * 60, "00"), " — ", TEXT(FLOOR(Sheet2!$B13, 1), "00"), ":", TEXT(MOD(Sheet2!$B13, 1) * 60, "00")) -> 11:30 — 12:00 | F12: CPE162 (H3) GLE703
B13: =CONCATENATE(TEXT(FLOOR(Sheet2!$B13, 1), "00"), ":", TEXT(MOD(Sheet2!$B13, 1) * 60, "00"), " — ", TEXT(FLOOR(Sheet2!$B14, 1), "00"), ":", TEXT(MOD(Sheet2!$B14, 1) * 60, "00")) -> 12:00 — 12:30 | D13: CHEM131 (M05) ALLIED241 | G13: CHEM131 (M05) ALLIED241
B14: =CONCATENATE(TEXT(FLOOR(Sheet2!$B14, 1), "00"), ":", TEXT(MOD(Sheet2!$B14, 1) * 60, "00"), " — ", TEXT(FLOOR(Sheet2!$B15, 1), "00"), ":", TEXT(MOD(Sheet2!$B15, 1) * 60, "00")) -> 12:30 — 13:00 | I14: indeterminate schedule
B15: =CONCATENATE(TEXT(FLOOR(Sheet2!$B15, 1), "00"), ":", TEXT(MOD(Sheet2!$B15, 1) * 60, "00"), " — ", TEXT(FLOOR(Sheet2!$B16, 1), "00"), ":", TEXT(MOD(Sheet2!$B16, 1) * 60, "00")) -> 13:00 — 13:30 | I15: NSTP112 (CEA-ALL-SUN-PM1) No Designated Room
B16: =CONCATENATE(TEXT(FLOOR(Sheet2!$B16, 1), "00"), ":", TEXT(MOD(Sheet2!$B16, 1) * 60, "00"), " — ", TEXT(FLOOR(Sheet2!$B17, 1), "00"), ":", TEXT(MOD(Sheet2!$B17, 1) * 60, "00")) -> 13:30 — 14:00
B17: =CONCATENATE(TEXT(FLOOR(Sheet2!$B17, 1), "00"), ":", TEXT(MOD(Sheet2!$B17, 1) * 60, "00"), " — ", TEXT(FLOOR(Sheet2!$B18, 1), "00"), ":", TEXT(MOD(Sheet2!$B18, 1) * 60, "00")) -> 14:00 — 14:30
B18: =CONCATENATE(TEXT(FLOOR(Sheet2!$B18, 1), "00"), ":", TEXT(MOD(Sheet2!$B18, 1) * 60, "00"), " — ", TEXT(FLOOR(Sheet2!$B19, 1), "00"), ":", TEXT(MOD(Sheet2!$B19, 1) * 60, "00")) -> 14:30 — 15:00
B19: =CONCATENATE(TEXT(FLOOR(Sheet2!$B19, 1), "00"), ":", TEXT(MOD(Sheet2!$B19, 1) * 60, "00"), " — ", TEXT(FLOOR(Sheet2!$B20, 1), "00"), ":", TEXT(MOD(Sheet2!$B20, 1) * 60, "00")) -> 15:00 — 15:30 | C19: PE104 (M10) HYBRID | D19: ENGL031 (U1) RTL230 | G19: ENGL031 (U1) ASYNC
B20: =CONCATENATE(TEXT(FLOOR(Sheet2!$B20, 1), "00"), ":", TEXT(MOD(Sheet2!$B20, 1) * 60, "00"), " — ", TEXT(FLOOR(Sheet2!$B21, 1), "00"), ":", TEXT(MOD(Sheet2!$B21, 1) * 60, "00")) -> 15:30 — 16:00
B21: =CONCATENATE(TEXT(FLOOR(Sheet2!$B21, 1), "00"), ":", TEXT(MOD(Sheet2!$B21, 1) * 60, "00"), " — ", TEXT(FLOOR(Sheet2!$B22, 1), "00"), ":", TEXT(MOD(Sheet2!$B22, 1) * 60, "00")) -> 16:00 — 16:30
B22: =CONCATENATE(TEXT(FLOOR(Sheet2!$B22, 1), "00"), ":", TEXT(MOD(Sheet2!$B22, 1) * 60, "00"), " — ", TEXT(FLOOR(Sheet2!$B23, 1), "00"), ":", TEXT(MOD(Sheet2!$B23, 1) * 60, "00")) -> 16:30 — 17:00 | D22: PHILO031 (M3) RTL309 | G22: PHILO031 (M3) ASYNC
B23: =CONCATENATE(TEXT(FLOOR(Sheet2!$B23, 1), "00"), ":", TEXT(MOD(Sheet2!$B23, 1) * 60, "00"), " — ", TEXT(FLOOR(Sheet2!$B24, 1), "00"), ":", TEXT(MOD(Sheet2!$B24, 1) * 60, "00")) -> 17:00 — 17:30
B24: =CONCATENATE(TEXT(FLOOR(Sheet2!$B24, 1), "00"), ":", TEXT(MOD(Sheet2!$B24, 1) * 60, "00"), " — ", TEXT(FLOOR(Sheet2!$B25, 1), "00"), ":", TEXT(MOD(Sheet2!$B25, 1) * 60, "00")) -> 17:30 — 18:00

Sheet Sheet2
B3: 7
B4: 7.5
B5: 8
B6: 8.5
B7: 9
B8: 9.5
B9: 10
B10: 10.5
B11: 11
B12: 11.5
B13: 12
B14: 12.5
... B36: 23.5

Sheet Sheet3
